Workbook

Sheet J
A1: Data | B1: Ora | C1: Furnizuesi X Furnizimi (EMIFurnizuesiX) [MWh] | D1: Konsumi i Nominuar i Furnizuesi X (EKNKFurnizuesiX) [MWh] | E1: Energjia e Jobalancit (EJBFFurnizuesiXj) [MWh] | F1: NEW Actual (abs) | G1: OLD Predicted (abs) | H1: DELTA (ABS) | I1: \=(new-old)/old | J1: Çmimi i jobalancit [€/MWh] | K1: Pagesa e Energjisë së Jobalancit (PEJBj) [€]
A2: 46174 | B2: 1 | C2: -3.1803657 | D2: -3.596026 | E2: 0.41571463 | F2: =ABS(C2) -> 3.1803657 | G2: =ABS(D2) -> 3.596026 | H2: =ABS(G2-F2) -> 0.41566028 | I2: =H2/G2 -> 0.11558879 | J2: 69.93 | K2: 29.070924
A3: 46174 | B3: 2 | C3: -3.1433778 | D3: -3.530032 | E3: 0.38671243 | F3: =ABS(C3) -> 3.1433778 | G3: =ABS(D3) -> 3.530032 | H3: =ABS(G3-F3) -> 0.3866542 | I3: =H3/G3 -> 0.10953278 | J3: 77.79 | K3: 30.08236
A4: 46174 | B4: 3 | C4: -3.0550347 | D4: -3.498976 | E4: 0.44398404 | F4: =ABS(C4) -> 3.0550347 | G4: =ABS(D4) -> 3.498976 | H4: =ABS(G4-F4) -> 0.44394134 | I4: =H4/G4 -> 0.1268775 | J4: 75 | K4: 33.298803
A5: 46174 | B5: 4 | C5: -3.0401905 | D5: -3.488624 | E5: 0.44848788 | F5: =ABS(C5) -> 3.0401905 | G5: =ABS(D5) -> 3.488624 | H5: =ABS(G5-F5) -> 0.44843353 | I5: =H5/G5 -> 0.12854166 | J5: 72.66 | K5: 32.587129
A6: 46174 | B6: 5 | C6: -3.0407782 | D6: -3.476978 | E6: 0.43639387 | F6: =ABS(C6) -> 3.0407782 | G6: =ABS(D6) -> 3.476978 | H6: =ABS(G6-F6) -> 0.43619977 | I6: =H6/G6 -> 0.12545371 | J6: 74.79 | K6: 32.637898
A7: 46174 | B7: 6 | C7: -2.7600038 | D7: -3.360518 | E7: 0.62255637 | F7: =ABS(C7) -> 2.7600038 | G7: =ABS(D7) -> 3.360518 | H7: =ABS(G7-F7) -> 0.60051424 | I7: =H7/G7 -> 0.17869693 | J7: 74.66 | K7: 46.480059
A8: 46174 | B8: 7 | C8: -2.5943475 | D8: -3.090719 | E8: 0.65118826 | F8: =ABS(C8) -> 2.5943475 | G8: =ABS(D8) -> 3.090719 | H8: =ABS(G8-F8) -> 0.49637151 | I8: =H8/G8 -> 0.16060066 | J8: 77.95 | K8: 50.760125
A9: 46174 | B9: 8 | C9: -2.7114421 | D9: -3.158007 | E9: 0.7546669 | F9: =ABS(C9) -> 2.7114421 | G9: =ABS(D9) -> 3.158007 | H9: =ABS(G9-F9) -> 0.44656485 | I9: =H9/G9 -> 0.14140718 | J9: 56.43 | K9: 42.585853
A10: 46174 | B10: 9 | C10: -3.4457489 | D10: -3.736425 | E10: 0.71978005 | F10: =ABS(C10) -> 3.4457489 | G10: =ABS(D10) -> 3.736425 | H10: =ABS(G10-F10) -> 0.29067606 | I10: =H10/G10 -> 0.077795235 | J10: 15.34 | K10: 11.041426
A11: 46174 | B11: 10 | C11: -3.7073317 | D11: -3.741601 | E11: 0.59129752 | F11: =ABS(C11) -> 3.7073317 | G11: =ABS(D11) -> 3.741601 | H11: =ABS(G11-F11) -> 0.034269336 | I11: =H11/G11 -> 0.0091590033 | J11: 12.15 | K11: 7.1842648
A12: 46174 | B12: 11 | C12: -3.7071184 | D12: -3.741601 | E12: 0.78100345 | F12: =ABS(C12) -> 3.7071184 | G12: =ABS(D12) -> 3.741601 | H12: =ABS(G12-F12) -> 0.034482554 | I12: =H12/G12 -> 0.0092159891 | J12: 13.51 | K12: 10.551357
A13: 46174 | B13: 12 | C13: -3.7928035 | D13: -3.734484 | E13: 0.76728615 | F13: =ABS(C13) -> 3.7928035 | G13: =ABS(D13) -> 3.734484 | H13: =ABS(G13-F13) -> 0.058319496 | I13: =H13/G13 -> 0.01561648 | J13: 13.62 | K13: 10.450437
... A721: 46203 | B721: 24 | C721: -5.2479612 | D721: -4.81368 | E721: -0.4342812 | F721: =ABS(C721) -> 5.2479612 | G721: =ABS(D721) -> 4.81368 | H721: =ABS(G721-F721) -> 0.4342812 | I721: =H721/G721 -> 0.090218128 | J721: 147.54 | K721: -64.073848

Sheet GJ
F1: -Llogaritjet e barazimit përfundimtar për Furnizuesi X prej: 1.6.2026 deri 30.6.2026.
F2: LLBP__01 6 2026 deri 30 6 2026_FurnizuesiX_V_01.xlsx
E3: Nr. rendor | F3: Emërtimi - Përshkrimi | G3: Sasia | H3: Sqarime
E4: 1 | F4: Energjia e Matur (EMIFurnizuesiX) [MWh] | G4: =SUM(J!C2:C721) -> -3047.4641 | H4: Energjia e matur e meritore për llogaritje
E5: 2 | F5: Energjia e kontraktuar [MWh] | G5: =SUM(J!D2:D721) -> -2889.7996 | H5: Blerjet në tregun me shumicë
E6: 3 | F6: Energjia e Jobalancit (EJBFurnizuesiX) (+) [MWh] | G6: =SUMIF(J!E2:E721,">0") -> 195.5872 | H6: Shuma totale e jobalanceve pozitive për Palën
E7: 4 | F7: Energjia e Jobalancit (EJBFurnizuesiX) (-) [MWh] | G7: =SUMIF(J!E2:E721,"<0") -> -158.10442 | H7: Shuma totale e jobalanceve negative për Palën
E8: 5 | F8: Pagesa e Energjisë së Jobalancit (PEJBFurnizuesiX) (+) | G8: =SUMIF(J!K2:K721,">0") -> 6632.0719 | H8: Pagesa totale e jobalanceve pozitive
E9: 6 | F9: Pagesa e Energjisë së Jobalancit (PEJBFurnizuesiX) (-) | G9: =SUMIF(J!K2:K721,"<0") -> -13615.671 | H9: Pagesa totale e Jobalanceve negative
E10: 7 | F10: Energjia e matur në Llogarinë Hyrëse [MWh] | G10: 377913.75 | H10: Prodhimi i matur i Prodhuesve
E11: 8 | F11: Energjia e matur në Llogarinë Dalëse [MWh] | G11: -408027.7 | H11: Energjia e matur që del nga rrjeti i transmisioni bashkë me humbjet
E12: 9 | F12: Energjia në Llogarinë Balancuese [MWh] | G12: =G10-G11 -> 785941.45 | H12: (7)-(8)
E13: 10 | F13: Llogaria balancuese | G13: 65618.54 | H13: Gjendja e të gjitha llogarive
E14: 11 | F14: Çmimi balancues i OST-së (ÇB’OST’m) [€/MWh] | G14: =G13/G12 -> 0.083490367 | H14: Çmimi balancues për periudhën e dhënë: (10)/(9)
E15: 12 | F15: Rialokimi | G15: =-G14*G4 -> 254.4339 | H15: Rialokimi i pagesave për Palët Tregtare: (11) x (1)
E16: 13 | F16: Pagesa finale për jobalance | G16: =G8+G9+G15 -> -6729.1649 | H16: Gjendja për pagesë për/nga mekanizmi balancues deri më 30.06.2026 (5)+(6)+(12)
E17: 14 | F17: Tarifa për Fondin BRE [€/MWh] | G17: 0.2 | H17: Tarifa e Fondit të burimeve të ripërtëritshme e vendosur nga ZRrE
E18: 15 | F18: Tarifa për Operatorit të sistemit [€/MWh] | G18: 4.279 | H18: Tarifa për Operatorin e Sistemit e vendosur nga ZRrE
E19: 16 | F19: Tarifa për Operatorit të tregut [€/MWh] | G19: 0.022 | H19: Tarifa për Operatorin e Tregut e vendosur nga ZRrE
E20: 17 | F20: Çmimi referent [€/MWh] | G20: 88.58 | H20: Çmimi referent për pagesën e Nominimeve Kontraktuale tek Fondi i Operatorit të Tregut
E21: 18 | F21: Pagesa për fondin BRE | G21: =G17*G4 -> -609.49283 | H21: Gjendja për pagesë në Fondin Bre deri më 30.06.2026: (14)x (1)
E22: 19 | F22: Pagesa për Operatorin e Sistemit | G22: =G18*G4 -> -13040.099 | H22: Gjendja për pagesë për Operatorin e Sistemit deri më 30.06.2026: (15) x (1)
E23: 20 | F23: Pagesa për Operatorin e Tregut | G23: =G19*G4 -> -67.044211 | H23: Gjendja për pagesë për Operatorin e Tregut deri më 30.06.2026: (16) x (1)
E24: 21 | F24: Nominimet Kontraktuale të BRE [MWh] | G24: 297.82057 | H24: Sasia e Nominimeve Kontraktuale deri më 30.06.2026
E25: 22 | F25: Pagesa e Nominimeve Kontraktuale | G25: =-G20*G24 -> -26380.946 | H25: Gjendja për pagesë për Operatorin e Tregut deri më 30.06.2026: (17) x (21)

Sheet 24H June
A1: Data | B1: Ora | C1: Furnizuesi X Furnizimi (EMIFurnizuesiX) [MWh] | D1: Konsumi i Nominuar i Furnizuesi X (EKNKFurnizuesiX) [MWh] | E1: Energjia e Jobalancit (EJBFFurnizuesiXj) [MWh] | F1: NEW Actual (abs) | G1: OLD Predicted (abs) | H1: DELTA (ABS) | I1: \=(new-old)/old | J1: Frekuenca
A2: 46198 | B2: 21 | C2: -6.6562676 | D2: -3.696958 | E2: -2.9592747 | F2: =ABS(C2) -> 6.6562676 | G2: =ABS(D2) -> 3.696958 | H2: =ABS(G2-F2) -> 2.9593096 | I2: 0.80047152 | J2: g) Above 50%
A3: 46201 | B3: 9 | C3: -2.4931662 | D3: -1.45575 | E3: -0.15494977 | F3: =ABS(C3) -> 2.4931662 | G3: =ABS(D3) -> 1.45575 | H3: =ABS(G3-F3) -> 1.0374162 | I3: 0.71263351 | J3: g) Above 50%
A4: 46194 | B4: 17 | C4: -3.6453124 | D4: -2.175861 | E4: -0.96197202 | F4: =ABS(C4) -> 3.6453124 | G4: =ABS(D4) -> 2.175861 | H4: =ABS(G4-F4) -> 1.4694514 | I4: 0.67534249 | J4: g) Above 50%
A5: 46203 | B5: 17 | C5: -7.7917168 | D5: -4.692691 | E5: -3.0683308 | F5: =ABS(C5) -> 7.7917168 | G5: =ABS(D5) -> 4.692691 | H5: =ABS(G5-F5) -> 3.0990258 | I5: 0.66039418 | J5: g) Above 50%
A6: 46197 | B6: 14 | C6: -5.593076 | D6: -3.389633 | E6: -1.7675772 | F6: =ABS(C6) -> 5.593076 | G6: =ABS(D6) -> 3.389633 | H6: =ABS(G6-F6) -> 2.203443 | I6: 0.65005356 | J6: g) Above 50%
A7: 46203 | B7: 16 | C7: -6.8153428 | D7: -4.188678 | E7: -2.4233613 | F7: =ABS(C7) -> 6.8153428 | G7: =ABS(D7) -> 4.188678 | H7: =ABS(G7-F7) -> 2.6266648 | I7: 0.62708684 | J7: g) Above 50%
A8: 46203 | B8: 15 | C8: -6.6662501 | D8: -4.21844 | E8: -2.1171394 | F8: =ABS(C8) -> 6.6662501 | G8: =ABS(D8) -> 4.21844 | H8: =ABS(G8-F8) -> 2.4478101 | I8: 0.58026428 | J8: g) Above 50%
A9: 46195 | B9: 13 | C9: -5.2899336 | D9: -3.356636 | E9: -1.5987675 | F9: =ABS(C9) -> 5.2899336 | G9: =ABS(D9) -> 3.356636 | H9: =ABS(G9-F9) -> 1.9332976 | I9: 0.57596283 | J9: g) Above 50%
A10: 46195 | B10: 12 | C10: -5.1463878 | D10: -3.271879 | E10: -1.441013 | F10: =ABS(C10) -> 5.1463878 | G10: =ABS(D10) -> 3.271879 | H10: =ABS(G10-F10) -> 1.8745088 | I10: 0.57291508 | J10: g) Above 50%
A11: 46194 | B11: 9 | C11: -2.2497987 | D11: -1.433752 | E11: 0.1156858 | F11: =ABS(C11) -> 2.2497987 | G11: =ABS(D11) -> 1.433752 | H11: =ABS(G11-F11) -> 0.81604673 | I11: 0.56916868 | J11: g) Above 50%
A12: 46177 | B12: 8 | C12: -4.2691854 | D12: -2.799569 | E12: -1.441851 | F12: =ABS(C12) -> 4.2691854 | G12: =ABS(D12) -> 2.799569 | H12: =ABS(G12-F12) -> 1.4696164 | I12: 0.52494379 | J12: g) Above 50%
A13: 46194 | B13: 18 | C13: -4.0074305 | D13: -2.643642 | E13: -1.0422894 | F13: =ABS(C13) -> 4.0074305 | G13: =ABS(D13) -> 2.643642 | H13: =ABS(G13-F13) -> 1.3637885 | I13: 0.51587487 | J13: g) Above 50%
... A720: 46180 | B720: 21 | C720: -4.7504081 | D720: -4.747686 | E720: -0.0027220832 | F720: =ABS(C720) -> 4.7504081 | G720: =ABS(D720) -> 4.747686 | H720: =ABS(G720-F720) -> 0.0027220832 | I720: 0.00057334946 | J720: a) 0-4.99%
A721: 46179 | B721: 6 | C721: -4.7239078 | D721: -4.723 | E721: 0.01495723 | F721: 4.7239078 | G721: 4.723 | H721: 0.00090776998 | I721: 0.00019220199 | J721: a) 0-4.99%

Sheet Pivot 24h
B3: Data
A4: Frekuenca | B4: Freq Ranges | C4: Expressed as a %
A5: a) 0-4.99% | B5: 203 | C5: 203
A6: b) 5-9.99% | B6: 161 | C6: 161
A7: c) 10-19.99% | B7: 195 | C7: 195
A8: d) 20-29.99% | B8: 89 | C8: 89
A9: e) 30-39.99% | B9: 46 | C9: 46
A10: f) 40-49.99% | B10: 13 | C10: 13
A11: g) Above 50% | B11: 13 | C11: 13
A12: Total Result | B12: 720 | C12: 720

Sheet (8-17)H June
A1: Data | B1: Ora | C1: Furnizuesi X Furnizimi (EMIFurnizuesiX) [MWh] | D1: Konsumi i Nominuar i Furnizuesi X (EKNKFurnizuesiX) [MWh] | E1: Energjia e Jobalancit (EJBFFurnizuesiXj) [MWh] | F1: NEW Actual (abs) | G1: OLD Predicted (abs) | H1: DELTA (ABS) | I1: \=(new-old)/old | J1: Frekuenca
A2: 46201 | B2: 9 | C2: -2.4931662 | D2: -1.45575 | E2: -0.15494977 | F2: =ABS(C2) -> 2.4931662 | G2: =ABS(D2) -> 1.45575 | H2: =ABS(G2-F2) -> 1.0374162 | I2: 0.71263351 | J2: g) Above 50%
A3: 46194 | B3: 17 | C3: -3.6453124 | D3: -2.175861 | E3: -0.96197202 | F3: =ABS(C3) -> 3.6453124 | G3: =ABS(D3) -> 2.175861 | H3: =ABS(G3-F3) -> 1.4694514 | I3: 0.67534249 | J3: g) Above 50%
A4: 46203 | B4: 17 | C4: -7.7917168 | D4: -4.692691 | E4: -3.0683308 | F4: =ABS(C4) -> 7.7917168 | G4: =ABS(D4) -> 4.692691 | H4: =ABS(G4-F4) -> 3.0990258 | I4: 0.66039418 | J4: g) Above 50%
A5: 46197 | B5: 14 | C5: -5.593076 | D5: -3.389633 | E5: -1.7675772 | F5: =ABS(C5) -> 5.593076 | G5: =ABS(D5) -> 3.389633 | H5: =ABS(G5-F5) -> 2.203443 | I5: 0.65005356 | J5: g) Above 50%
A6: 46203 | B6: 16 | C6: -6.8153428 | D6: -4.188678 | E6: -2.4233613 | F6: =ABS(C6) -> 6.8153428 | G6: =ABS(D6) -> 4.188678 | H6: =ABS(G6-F6) -> 2.6266648 | I6: 0.62708684 | J6: g) Above 50%
A7: 46203 | B7: 15 | C7: -6.6662501 | D7: -4.21844 | E7: -2.1171394 | F7: =ABS(C7) -> 6.6662501 | G7: =ABS(D7) -> 4.21844 | H7: =ABS(G7-F7) -> 2.4478101 | I7: 0.58026428 | J7: g) Above 50%
A8: 46195 | B8: 13 | C8: -5.2899336 | D8: -3.356636 | E8: -1.5987675 | F8: =ABS(C8) -> 5.2899336 | G8: =ABS(D8) -> 3.356636 | H8: =ABS(G8-F8) -> 1.9332976 | I8: 0.57596283 | J8: g) Above 50%
A9: 46195 | B9: 12 | C9: -5.1463878 | D9: -3.271879 | E9: -1.441013 | F9: =ABS(C9) -> 5.1463878 | G9: =ABS(D9) -> 3.271879 | H9: =ABS(G9-F9) -> 1.8745088 | I9: 0.57291508 | J9: g) Above 50%
A10: 46194 | B10: 9 | C10: -2.2497987 | D10: -1.433752 | E10: 0.1156858 | F10: =ABS(C10) -> 2.2497987 | G10: =ABS(D10) -> 1.433752 | H10: =ABS(G10-F10) -> 0.81604673 | I10: 0.56916868 | J10: g) Above 50%
A11: 46177 | B11: 8 | C11: -4.2691854 | D11: -2.799569 | E11: -1.441851 | F11: =ABS(C11) -> 4.2691854 | G11: =ABS(D11) -> 2.799569 | H11: =ABS(G11-F11) -> 1.4696164 | I11: 0.52494379 | J11: g) Above 50%
A12: 46203 | B12: 14 | C12: -6.3207941 | D12: -4.189972 | E12: -1.8076398 | F12: =ABS(C12) -> 6.3207941 | G12: =ABS(D12) -> 4.189972 | H12: =ABS(G12-F12) -> 2.1308221 | I12: 0.50855283 | J12: g) Above 50%
A13: 46175 | B13: 15 | C13: -4.1689446 | D13: -2.852623 | E13: -0.7157574 | F13: =ABS(C13) -> 4.1689446 | G13: =ABS(D13) -> 2.852623 | H13: =ABS(G13-F13) -> 1.3163216 | I13: 0.46144253 | J13: f) 40-49.99%
... A300: 46174 | B300: 13 | C300: -3.7406568 | D300: -3.747424 | E300: 0.81694704 | F300: =ABS(C300) -> 3.7406568 | G300: =ABS(D300) -> 3.747424 | H300: =ABS(G300-F300) -> 0.0067671717 | I300: 0.0018058196 | J300: a) 0-4.99%
A301: 46189 | B301: 17 | C301: -6.9709996 | D301: -6.961 | E301: 0.58549742 | F301: 6.9709996 | G301: 6.961 | H301: 0.0099995776 | I301: 0.0014365145 | J301: a) 0-4.99%

Sheet Pivot (8-17)H
B3: Data
A4: Frekuenca | B4: Freq ranges | C4: Expressed as a %
A5: a) 0-4.99% | B5: 33 | C5: 33
A6: b) 5-9.99% | B6: 50 | C6: 50
A7: c) 10-19.99% | B7: 88 | C7: 88
A8: d) 20-29.99% | B8: 66 | C8: 66
A9: e) 30-39.99% | B9: 40 | C9: 40
A10: f) 40-49.99% | B10: 12 | C10: 12
A11: g) Above 50% | B11: 11 | C11: 11
A12: Total Result | B12: 300 | C12: 300
